DATE,GDPC1
2004-01-01,14221.147
2004-04-01,14329.523
2004-07-01,14464.984
2004-10-01,14609.876
2005-01-01,14771.602
2005-04-01,14839.782
2005-07-01,14972.054
2005-10-01,15066.597
2006-01-01,15267.026
2006-04-01,15302.705
2006-07-01,15326.368
2006-10-01,15456.928
2007-01-01,15493.328
2007-04-01,15582.085
2007-07-01,15666.738
2007-10-01,15761.967
2008-01-01,15671.383
2008-04-01,15752.308
2008-07-01,15667.032
2008-10-01,15328.027
2009-01-01,15155.94
2009-04-01,15134.117
2009-07-01,15189.222
2009-10-01,15356.058
2010-01-01,15415.145
2010-04-01,15557.277
2010-07-01,15671.967
2010-10-01,15750.625
2011-01-01,15712.754
2011-04-01,15825.096
2011-07-01,15820.7
2011-10-01,16004.107
2012-01-01,16129.418
2012-04-01,16198.807
2012-07-01,16220.667
2012-10-01,16239.138
2013-01-01,16382.964
2013-04-01,16403.18
2013-07-01,16531.685
2013-10-01,16663.649
2014-01-01,16616.54
2014-04-01,16841.475
2014-07-01,17047.098
2014-10-01,17143.038
2015-01-01,17277.58
2015-04-01,17405.669
2015-07-01,17463.222
2015-10-01,17468.902
2016-01-01,17556.839
2016-04-01,17639.417
2016-07-01,17735.074
2016-10-01,17824.231
2017-01-01,17925.256
2017-04-01,18021.048
,
,
,
,
,
,
,
,
,
,
